﻿<?xml version="1.0" encoding="utf-8" ?>
<Advertisements>

	<Ad>
		<ImageUrl>\image\Screenshot 2024-12-08 182318.png</ImageUrl>
		<Keyword>silver jewellery</Keyword>
		<NavigateUrl>https://www.tanishq.co.in/</NavigateUrl>
		<AlternateText>Tanishq</AlternateText>
		<Impression>3</Impression>
	</Ad>

	<Ad>
		<ImageUrl>\image\img2.jpg</ImageUrl>
		<Keyword>silver jewellery</Keyword>
		<NavigateUrl>https://www.tanishq.co.in/</NavigateUrl>
		<AlternateText>Tanishq</AlternateText>
		<Impression>3</Impression>
	</Ad>
</Advertisements>
